Smartphone, Laptop, Mouse, Teclado, Carro a control remoto (sin pilas), Radio musical a pilas (sin pilas), Pilas / baterías, Juego de mesa, Panetón, Chocolate para taza, Leche, Cocoa, Azúcar, Duraznos en almíbar, Pavo, Vino / champagne / otras bebidas, Cubo de rubik, Árbol de navidad, Nacimiento navideño, Luces de navidad, Harina, Mantequilla, Huevo, Molde para galletas
Juego de mesa, Panetón, Chocolate para taza, Leche, Cocoa, Azúcar, Duraznos en almíbar, Vino / champagne / otras bebidas
Smartphone, Laptop, Mouse, Carro a control remoto (sin pilas), Radio musical a pilas (sin pilas), Pilas / baterías, Panetón, Chocolate para taza, Leche, Cocoa, Azúcar, Árbol de navidad, Nacimiento navideño, Luces de navidad
Radio musical a pilas (sin pilas), Pilas / baterías, Panetón, Chocolate para taza, Nacimiento navideño, Luces de navidad, Harina, Mantequilla, Huevo, Molde para galletas
Panetón, Chocolate para taza, Leche, Cocoa, Azúcar, Luces de navidad
Carro a control remoto (sin pilas), Pilas / baterías, Panetón, Chocolate para taza, Leche, Cubo de rubik, Árbol de navidad, Nacimiento navideño, Luces de navidad
Smartphone, Carro a control remoto (sin pilas), Radio musical a pilas (sin pilas), Pilas / baterías, Harina, Mantequilla, Huevo
Laptop, Mouse, Teclado, Panetón, Chocolate para taza, Leche, Árbol de navidad, Luces de navidad
Smartphone, Laptop, Mouse, Panetón, Chocolate para taza, Pavo, Vino / champagne / otras bebidas
Smartphone, Laptop, Pilas / baterías
Carro a control remoto (sin pilas), Pilas / baterías, Juego de mesa, Panetón, Chocolate para taza, Vino / champagne / otras bebidas, Cubo de rubik, Árbol de navidad
Carro a control remoto (sin pilas), Pilas / baterías
Carro a control remoto (sin pilas), Pilas / baterías, Juego de mesa, Panetón, Chocolate para taza, Duraznos en almíbar
Carro a control remoto (sin pilas), Pilas / baterías
Radio musical a pilas (sin pilas), Pilas / baterías
Radio musical a pilas (sin pilas), Pilas / baterías, Harina
Carro a control remoto (sin pilas), Pilas / baterías, Cubo de rubik
Carro a control remoto (sin pilas), Pilas / baterías, Cubo de rubik